{"actions":[],"apps":[{"acl":{"app":[],"field":[],"record":[]},"app":null,"category":{"categories":[],"useCategory":"false"},"form":{"layout":"[{\"id\":null,\"type\":\"ROW\",\"isSubTable\":false,\"var\":null,\"controlList\":[{\"isVirtical\":true,\"styleMap\":{\"width\":120},\"type\":\"RECORD_ID\",\"var\":\"レコード番号\",\"label\":\"レコード番号\"},{\"isVirtical\":true,\"styleMap\":{\"width\":347},\"type\":\"SINGLE_LINE_TEXT\",\"var\":\"title\",\"label\":\"イベント名\"}]},{\"id\":null,\"type\":\"ROW\",\"isSubTable\":false,\"var\":null,\"controlList\":[{\"isVirtical\":true,\"styleMap\":{\"width\":196},\"type\":\"DATETIME\",\"var\":\"start\",\"label\":\"開始日時\"},{\"isVirtical\":true,\"styleMap\":{\"width\":196},\"type\":\"DATETIME\",\"var\":\"end\",\"label\":\"終了日時\"}]},{\"id\":null,\"type\":\"ROW\",\"isSubTable\":false,\"var\":null,\"controlList\":[{\"isVirtical\":true,\"styleMap\":{\"width\":368},\"type\":\"SINGLE_LINE_TEXT\",\"var\":\"url\",\"label\":\"サイトURL\"}]},{\"id\":null,\"type\":\"ROW\",\"isSubTable\":false,\"var\":null,\"controlList\":[{\"isVirtical\":true,\"styleMap\":{\"width\":368},\"type\":\"SINGLE_LINE_TEXT\",\"var\":\"address\",\"label\":\"開催場所\"}]},{\"id\":null,\"type\":\"ROW\",\"isSubTable\":false,\"var\":null,\"controlList\":[{\"isVirtical\":true,\"styleMap\":{\"width\":368},\"type\":\"SINGLE_LINE_TEXT\",\"var\":\"place\",\"label\":\"開催会場\"}]},{\"id\":null,\"type\":\"ROW\",\"isSubTable\":false,\"var\":null,\"controlList\":[{\"isVirtical\":true,\"styleMap\":{\"width\":193},\"type\":\"DECIMAL\",\"var\":\"lat\",\"label\":\"緯度\"},{\"isVirtical\":true,\"styleMap\":{\"width\":193},\"type\":\"DECIMAL\",\"var\":\"lon\",\"label\":\"経度\"}]},{\"id\":null,\"type\":\"ROW\",\"isSubTable\":false,\"var\":null,\"controlList\":[{\"isVirtical\":true,\"styleMap\":{\"width\":136},\"type\":\"CREATOR\",\"var\":\"作成者\",\"label\":\"作成者\"},{\"isVirtical\":true,\"styleMap\":{\"width\":196},\"type\":\"MODIFIED_AT\",\"var\":\"更新日時\",\"label\":\"更新日時\"}]}]","revision":null},"iconMeta":{"internalName":null,"mime":"image/png","name":"map_pin_shadow.png"},"info":{"code":null,"decimalPrecision":"16","decimalScale":"4","description":"\u003Cdiv\u003E\u003Cbr /\u003E\u003C/div\u003E","enableBulkDeletion":"true","fiscalYearStartMonth":"4","iconKey":"6578","iconType":"BLOB","jsFiles":null,"jsScope":"ALL","name":"イベント管理(connpass & mapbox連携)","roundingMode":"HALF_EVEN","theme":"PLAIN","titleComponentLocalId":"9166","useComment":"true","useHistory":"true","useThumbnail":"true"},"jsFiles":[{"jsFileMetas":[{"internalName":null,"locationType":"URL","mime":null,"name":null,"url":"https://js.cybozu.com/jquery/3.2.1/jquery.min.js"},{"internalName":null,"locationType":"URL","mime":null,"name":null,"url":"https://js.cybozu.com/momentjs/2.19.2/moment.min.js"},{"internalName":null,"locationType":"URL","mime":null,"name":null,"url":"https://js.cybozu.com/momentjs/2.19.2/moment-with-locales.min.js"},{"internalName":null,"locationType":"URL","mime":null,"name":null,"url":"https://js.cybozu.com/sweetalert2/v7.0.5/sweetalert2.min.js"},{"internalName":null,"locationType":"URL","mime":null,"name":null,"url":"https://api.mapbox.com/mapbox-gl-js/v0.42.0/mapbox-gl.js"}],"jsType":"DESKTOP"},{"jsFileMetas":[{"internalName":null,"locationType":"URL","mime":null,"name":null,"url":"https://js.cybozu.com/sweetalert2/v7.0.5/sweetalert2.min.css"},{"internalName":null,"locationType":"URL","mime":null,"name":null,"url":"https://js.cybozu.com/font-awesome/v4.7.0/css/font-awesome.min.css"},{"internalName":null,"locationType":"URL","mime":null,"name":null,"url":"https://fonts.googleapis.com/css?family=Open\u002BSans"},{"internalName":null,"locationType":"URL","mime":null,"name":null,"url":"https://api.mapbox.com/mapbox-gl-js/v0.42.0/mapbox-gl.css"},{"internalName":null,"locationType":"BLOB","mime":"text/css","name":"map.css","url":null}],"jsType":"DESKTOP_CSS"}],"notification":{"appNotifications":[{"events":["RECORD_COMMENT_ADDED"],"target":{"entityId":"9158","entityType":"FIELD_ENTITY","includeSubs":"false"}},{"events":["RECORD_COMMENT_ADDED"],"target":{"entityId":"9159","entityType":"FIELD_ENTITY","includeSubs":"false"}}],"recordNotifications":[],"reminderTimezone":null,"reminders":[],"useComment":"true","useReminder":"false"},"plugin":{"pluginIds":[]},"reports":[],"resource":{"tables":[{"rows":[{"fields":[{"language":"zh","value":"活动・博览会日历"},{"language":"en","value":"Event Calendar"},{"language":"ja","value":""}],"objectId":"0","subObjectId":"-1"}],"type":"AppName"},{"rows":[{"fields":[{"language":"zh","value":"\u003Cdiv\u003E展览会或者公司内部重要的活动日程，以日历的形式表示出来。\u003Cdiv\u003E附件照片可以在日历中显示出来，也可以把握作业的进度。\u003C/div\u003E\u003C/div\u003E"},{"language":"en","value":"\u003Cdiv\u003EAn app for sharing schedules of exhibitions and other corporate events in a calendar format. \u003Cbr /\u003EYou can view images attached to calendar events, or use this app to track the schedule and progress of various operations.\u003Cdiv\u003E\u003Cbr /\u003E\u003C/div\u003E\u003C/div\u003E"},{"language":"ja","value":""}],"objectId":"0","subObjectId":"-1"}],"type":"AppDescription"},{"rows":[{"fields":[{"language":"zh","value":"记录编号"},{"language":"en","value":"Record No."},{"language":"ja","value":""}],"objectId":"9157","subObjectId":"-1"},{"fields":[{"language":"zh","value":"更新人"},{"language":"en","value":"Last Updated By"},{"language":"ja","value":""}],"objectId":"9158","subObjectId":"-1"},{"fields":[{"language":"zh","value":"创建人"},{"language":"en","value":"Created By"},{"language":"ja","value":""}],"objectId":"9159","subObjectId":"-1"},{"fields":[{"language":"zh","value":"更新时间"},{"language":"en","value":"Updated"},{"language":"ja","value":""}],"objectId":"9160","subObjectId":"-1"},{"fields":[{"language":"zh","value":"创建时间"},{"language":"en","value":"Created"},{"language":"ja","value":""}],"objectId":"9161","subObjectId":"-1"},{"fields":[{"language":"zh","value":"状态"},{"language":"en","value":"Status"},{"language":"ja","value":""}],"objectId":"9162","subObjectId":"-1"},{"fields":[{"language":"zh","value":"执行者"},{"language":"en","value":"Assignee"},{"language":"ja","value":""}],"objectId":"9163","subObjectId":"-1"},{"fields":[{"language":"zh","value":"类别"},{"language":"en","value":"Category"},{"language":"ja","value":""}],"objectId":"9164","subObjectId":"-1"},{"fields":[{"language":"zh","value":"活动名称"},{"language":"en","value":"Event Title"},{"language":"ja","value":""}],"objectId":"9166","subObjectId":"-1"},{"fields":[],"objectId":"5362379","subObjectId":"-1"},{"fields":[],"objectId":"5362380","subObjectId":"-1"},{"fields":[],"objectId":"5362382","subObjectId":"-1"},{"fields":[],"objectId":"5362383","subObjectId":"-1"},{"fields":[],"objectId":"5362384","subObjectId":"-1"},{"fields":[],"objectId":"5362385","subObjectId":"-1"},{"fields":[],"objectId":"5362390","subObjectId":"-1"}],"type":"FieldLabel"},{"rows":[{"fields":[{"language":"zh","value":"（全部）"},{"language":"en","value":"(All)"},{"language":"ja","value":""}],"objectId":"20","subObjectId":"-1"},{"fields":[{"language":"zh","value":"活动一览（活动名）"},{"language":"en","value":"Event Summary (by Event Name)"},{"language":"ja","value":""}],"objectId":"9170","subObjectId":"-1"},{"fields":[{"language":"zh","value":"活动一览（列表）"},{"language":"en","value":"Event Summary (List)"},{"language":"ja","value":""}],"objectId":"9559","subObjectId":"-1"},{"fields":[],"objectId":"5362388","subObjectId":"-1"},{"fields":[],"objectId":"5362391","subObjectId":"-1"}],"type":"ViewName"}]},"schema":{"groups":[],"revision":null,"subTable":{},"table":{"fieldList":{"9157":{"id":"9157","label":"レコード番号","properties":{"noLabel":"false","required":"true"},"type":"RECORD_ID","var":"レコード番号"},"9158":{"id":"9158","label":"更新者","properties":{"noLabel":"false","required":"true"},"type":"MODIFIER","var":"更新者"},"9159":{"id":"9159","label":"作成者","properties":{"noLabel":"false","required":"true"},"type":"CREATOR","var":"作成者"},"9160":{"id":"9160","label":"更新日時","properties":{"noLabel":"false","required":"true"},"type":"MODIFIED_AT","var":"更新日時"},"9161":{"id":"9161","label":"作成日時","properties":{"noLabel":"false","required":"true"},"type":"CREATED_AT","var":"作成日時"},"9162":{"id":"9162","label":"ステータス","properties":{"noLabel":"false","required":"false"},"type":"STATUS","var":"ステータス"},"9163":{"id":"9163","label":"作業者","properties":{"noLabel":"false","required":"false"},"type":"STATUS_ASSIGNEE","var":"作業者"},"9164":{"id":"9164","label":"カテゴリー","properties":{"noLabel":"false","required":"false"},"type":"CATEGORY","var":"カテゴリー"},"9166":{"id":"9166","label":"イベント名","properties":{"defaultValue":"","expression":"","hideExpression":"false","max":null,"min":null,"noLabel":"false","required":"false","unique":"false"},"type":"SINGLE_LINE_TEXT","var":"title"},"5362379":{"id":"5362379","label":"開始日時","properties":{"defaultExpression":"NOW","defaultValue":null,"noLabel":"false","required":"false","unique":"false"},"type":"DATETIME","var":"start"},"5362380":{"id":"5362380","label":"終了日時","properties":{"defaultExpression":"NOW","defaultValue":null,"noLabel":"false","required":"false","unique":"false"},"type":"DATETIME","var":"end"},"5362382":{"id":"5362382","label":"開催場所","properties":{"defaultValue":"","expression":"","hideExpression":"false","max":null,"min":null,"noLabel":"false","required":"false","unique":"false"},"type":"SINGLE_LINE_TEXT","var":"address"},"5362383":{"id":"5362383","label":"開催会場","properties":{"defaultValue":"","expression":"","hideExpression":"false","max":null,"min":null,"noLabel":"false","required":"false","unique":"false"},"type":"SINGLE_LINE_TEXT","var":"place"},"5362384":{"id":"5362384","label":"緯度","properties":{"defaultValue":null,"digit":"false","displayScale":null,"max":null,"min":null,"noLabel":"false","required":"false","roundingMode":null,"scale":null,"unique":"false","unit":"","unitPosition":"BEFORE"},"type":"DECIMAL","var":"lat"},"5362385":{"id":"5362385","label":"経度","properties":{"defaultValue":null,"digit":"false","displayScale":null,"max":null,"min":null,"noLabel":"false","required":"false","roundingMode":null,"scale":null,"unique":"false","unit":"","unitPosition":"BEFORE"},"type":"DECIMAL","var":"lon"},"5362390":{"id":"5362390","label":"サイトURL","properties":{"defaultValue":"","expression":"","hideExpression":"false","max":"64","min":null,"noLabel":"false","required":"false","unique":"true"},"type":"SINGLE_LINE_TEXT","var":"url"}},"id":"1","label":"__ROOT__","var":"__ROOT__"}},"status":{"actions":[],"filters":[],"initialStateId":null,"states":[],"useStatus":"false"},"uuid":"175837f9-5865-40ae-a969-dbf06196554c","views":[{"advancedMode":"false","builtinType":null,"fields":[{"row":[]}],"filter":{"category":null,"offset":null,"order":["DESC"],"q":null,"size":null,"sort":["f9157"]},"html":"\u003Cdiv id='map' style='width:100%; height:500px'\u003E\u003C/div\u003E","keyFieldId":null,"name":"地図","pager":"true","revision":null,"titleFieldId":null,"view":"5362388","viewType":"CUSTOM"},{"advancedMode":"false","builtinType":null,"fields":[{"row":[]}],"filter":{"category":null,"offset":null,"order":["DESC"],"q":null,"size":null,"sort":["f9157"]},"html":"\u003Cdiv id='map' style='width:100%; height:500px'\u003E\u003C/div\u003E","keyFieldId":null,"name":"分布地図","pager":"true","revision":null,"titleFieldId":null,"view":"5362391","viewType":"CUSTOM"},{"advancedMode":"false","builtinType":null,"fields":[{"row":[{"id":"9166"},{"id":"5362379"},{"id":"5362380"},{"id":"5362382"},{"id":"5362390"}]}],"filter":{"category":null,"offset":null,"order":["DESC"],"q":null,"size":null,"sort":["f9157"]},"html":null,"keyFieldId":null,"name":"イベント一覧（リスト）","pager":null,"revision":null,"titleFieldId":null,"view":"9559","viewType":"LIST"},{"advancedMode":"false","builtinType":null,"fields":[{"row":[{"id":"5362379"},{"id":"9166"}]}],"filter":{"category":null,"offset":null,"order":["DESC"],"q":null,"size":null,"sort":["f9161"]},"html":null,"keyFieldId":"5362379","name":"イベント一覧（カレンダー）","pager":null,"revision":null,"titleFieldId":"9166","view":"9170","viewType":"CALENDAR"},{"advancedMode":null,"builtinType":"ALL","fields":[{"row":[{"id":"9157"},{"id":"9166"},{"id":"5362379"},{"id":"5362380"},{"id":"5362382"},{"id":"5362383"},{"id":"5362384"},{"id":"5362385"},{"id":"5362390"}]}],"filter":{"category":null,"offset":null,"order":[],"q":null,"size":null,"sort":[]},"html":null,"keyFieldId":null,"name":"（すべて）","pager":null,"revision":null,"titleFieldId":null,"view":"20","viewType":"LIST"}]}],"description":"","iconKey":"201712231112072FCEBA9786994EDC8F2F8126B76950EB053","iconMeta":{"internalName":null,"mime":"image/png","name":"map_pin_shadow.png"},"iconSrcAppId":"175837f9-5865-40ae-a969-dbf06196554c","iconType":"BLOB","imagesMeta":[],"lookups":[],"name":"イベント管理(connpass & mapbox連携)","references":[],"version":"21"}